"Page","Design file","URL / Canonical","Title tag (≤60)","Title length","Meta description (≤160)","Description length","Primary keyword","Secondary keywords","H1 (on page)","OG / social image","Robots","Structured data (JSON-LD)","OG + Twitter tags","Listed in llms.txt","Status","Recommendations / to-do"
"Homepage","Homepage.dc.html","https://www.kapiree.com/","Kapiree | HRMS & People Management Software for SMBs",=LEN(D2),"All-in-one HRMS for growing businesses. Manage attendance, leave, payroll, projects, performance and incentives in one simple platform with an AI Assistant.",=LEN(F2),"HRMS software","HR software for small business; people management platform; attendance and leave management software; payroll software India; AI HR assistant; employee self-service portal","Simpler HR. Happier teams. Better work.","https://www.kapiree.com/assets/images/home_og.webp","index, follow, max-image-preview:large, max-snippet:-1","Organization; WebSite; SoftwareApplication; WebPage","Yes","Yes","Implemented","Add a short ""What is Kapiree?"" answer paragraph near the top (AI engines quote direct definitions). Replace sample AI chat data with real product screenshots. Add sameAs social profile URLs to Organization schema. Add customer logos alt text with company names (done)."
"Hiring","Hiring.dc.html","https://www.kapiree.com/hiring","Video Interview & Pre-Screening Software | Kapiree Hiring",=LEN(D3),"Screen 10x more candidates and cut time-to-hire by 50% with AI-powered video interviews, automated pre-screening and applicant tracking from Kapiree.",=LEN(F3),"video interview software","AI pre-screening software; candidate screening software; applicant tracking system; asynchronous video interviews; one-way video interview; recruitment software India","Kapiree automates pre-screening to hire faster and smarter.","https://www.kapiree.com/assets/images/content/video-interview-software-kapiree-desktop.webp","index, follow, max-image-preview:large, max-snippet:-1","Organization; SoftwareApplication; FAQPage; VideoObject; BreadcrumbList (6 FAQs)","Yes","Yes","Implemented","Replace VideoObject uploadDate placeholder (2025-01-01) with the real YouTube date. Back up ""10x"" and ""50%"" claims with a source or customer quote. Add a transcript or chapter list below the video for AI indexing."
"Pricing","Pricing.dc.html","https://www.kapiree.com/pricing","HRMS Pricing | ₹110 per Employee per Month | Kapiree",=LEN(D4),"Start with a free trial, then pay ₹110 per employee per month for the complete HRMS. Add Hiring for ₹2,250/month when you need it.",=LEN(F4),"HRMS pricing","HR software pricing India; HRMS cost per employee; payroll software cost; free trial HRMS; video interview software pricing","Simple pricing for growing businesses","https://www.kapiree.com/assets/images/home_og.webp","index, follow, max-image-preview:large, max-snippet:-1","Organization; SoftwareApplication; FAQPage; BreadcrumbList (7 FAQs)","Yes","Yes","Implemented","Answer the two missing FAQs (minimum employees, setup fee) — AI assistants are asked these often. State annual discount % if any. Keep prices in text (not images) so they can be quoted."
"About","About.dc.html","https://www.kapiree.com/about","About Kapiree | Making People Management Simpler",=LEN(D5),"Kapiree helps small and medium-sized businesses manage people, time, work and performance from one simple, affordable HR platform.",=LEN(F5),"about Kapiree","HR platform for SMBs; people management software company; HR technology India","Making people management simpler for growing businesses","https://www.kapiree.com/assets/images/home_og.webp","index, follow, max-image-preview:large, max-snippet:-1","Organization; AboutPage; BreadcrumbList","Yes","Yes","Implemented","Add founding year, HQ city, team/leadership names and a contact address to Organization schema (E-E-A-T signals). Link to LinkedIn/Crunchbase via sameAs."
"FAQ","FAQ.dc.html","https://www.kapiree.com/faq","HRMS FAQs | Payroll, AI Assistant & Hiring | Kapiree",=LEN(D6),"Answers to common questions about Kapiree HRMS: employee logins, leave, payslips, the AI Assistant, the Hiring add-on, access control and demos.",=LEN(F6),"HRMS FAQ","HR software questions; what is HRMS; AI HR assistant FAQ; employee self-service FAQ","Frequently Asked Questions","https://www.kapiree.com/assets/images/home_og.webp","index, follow, max-image-preview:large, max-snippet:-1","Organization; FAQPage; BreadcrumbList (20 FAQs)","Yes","Yes","Implemented","Keep answers self-contained in 1–3 sentences (already structured). Add a few comparison questions (e.g. ""Kapiree vs spreadsheets"") and India-specific payroll/compliance questions if supported."
"Customer Stories","Customer Stories.dc.html","https://www.kapiree.com/customer-stories","Customer Success Stories | Kapiree HRMS",=LEN(D7),"See how growing businesses use Kapiree to replace spreadsheets, give employees self-service HR, connect projects and people, and add hiring as they grow.",=LEN(F7),"HRMS case studies","HR software customer stories; people management success stories","Real businesses. Simpler HR. Better work.","https://www.kapiree.com/assets/images/home_og.webp","noindex, follow, max-image-preview:large, max-snippet:-1","Organization; CollectionPage; BreadcrumbList","Yes","No","Implemented","Keep noindex until stories are real. Then add real company names, logos, measurable results (hours saved, % faster) and switch robots to index. Add Review/Quotation schema per story."
"Blog (listing)","Blogs.dc.html","https://www.kapiree.com/blogs","Recruitment & HR Blog | Guides and Case Studies | Kapiree",=LEN(D8),"Guides, case studies and tips on pre-screening, video interviews, candidate engagement and modern HR to help you hire and manage teams better.",=LEN(F8),"recruitment blog","HR blog; pre-screening guide; video interview tips; hiring best practices; candidate engagement","Expand your knowledge with our resources","https://www.kapiree.com/assets/images/home_og.webp","index, follow, max-image-preview:large, max-snippet:-1","Organization; Blog; BreadcrumbList","Yes","Yes","Implemented","Serve each post at its own URL (/blogs/slug) server-side so crawlers see full HTML. Add author name + bio per post, updated dates, and internal links from posts to /hiring and /pricing."
"Privacy Policy","Privacy.dc.html","https://www.kapiree.com/privacy-policy","Privacy Policy | Kapiree",=LEN(D9),"How Kapiree collects, uses and protects your personal information when you use our website and HR platform.",=LEN(F9),"","","Privacy Policy","https://www.kapiree.com/assets/images/home_og.webp","index, follow, max-image-preview:large, max-snippet:-1","Organization; WebPage; BreadcrumbList","Yes","Yes","Implemented","Add a real ""Last updated"" date and a data-protection contact. No keyword targeting needed."
"Terms of Service","Terms.dc.html","https://www.kapiree.com/terms-of-service","Terms of Service | Kapiree",=LEN(D10),"The terms and conditions that govern your use of the Kapiree website and platform.",=LEN(F10),"","","Terms of Service","https://www.kapiree.com/assets/images/home_og.webp","index, follow, max-image-preview:large, max-snippet:-1","Organization; WebPage; BreadcrumbList","Yes","Yes","Implemented","Add a real ""Last updated"" date. No keyword targeting needed."
"Blog: Case study","Blogs.dc.html#post/neointeraction","https://www.kapiree.com/blogs/neointeraction","Case Study: Design Agency Hires Faster with Kapiree",=LEN(D11),"Learn how a top design firm focused on UI/UX design accelerated their hiring process and achieved a 50% reduction in time-to-hire using Kapiree.",=LEN(F11),"video interview case study","design agency hiring; IT services hiring; pre-screening results","Case study – How a Design Agency Accelerated Their Hiring Process with Kapiree’s Pre-Screening Video Interview Platform","https://www.kapiree.com/assets/images/blog/neointeraction.webp","index, follow, max-image-preview:large, max-snippet:-1","BlogPosting (injected on open)","Yes","Yes","Implemented (client-side)","Add author and dateModified; render server-side at its own URL."
"Blog: Case study","Blogs.dc.html#post/cubet","https://www.kapiree.com/blogs/cubet","Case Study: How Cubet Transformed Recruitment | Kapiree",=LEN(D12),"Discover how Cubet Techno Labs transformed their recruitment process, achieving a 60% reduction in time-to-hire and 75% improvement in candidate filtering accuracy.",=LEN(F12),"video interview case study","design agency hiring; IT services hiring; pre-screening results","Case study - How Cubet Techno Labs Transformed Their Recruitment Process with Kapiree’s Pre-Screening Video Interview Platform","https://www.kapiree.com/assets/images/blog/cubet.webp","index, follow, max-image-preview:large, max-snippet:-1","BlogPosting (injected on open)","Yes","Yes","Implemented (client-side)","Description is 164 chars — trim to ≤160. Add author and dateModified; render server-side at its own URL."
"Blog: Guide","Blogs.dc.html#post/pre-interview-screening","https://www.kapiree.com/blogs/pre-interview-screening","Pre-Interview Screening: What It Is & Why It Matters",=LEN(D13),"Discover the importance of pre-interview screening in recruitment. Learn how this process boosts efficiency, quality of hire, and overall hiring success.",=LEN(F13),"pre-interview screening","candidate pre-screening; automated screening","Pre-Interview Screening: What It Is and Why It Matters?","https://www.kapiree.com/assets/images/blog/pre-interview-screening.webp","index, follow, max-image-preview:large, max-snippet:-1","BlogPosting (injected on open)","Yes","Yes","Implemented (client-side)","Add author and dateModified; render server-side at its own URL."
"Blog: Challenges","Blogs.dc.html#post/video-interviews-challenges","https://www.kapiree.com/blogs/video-interviews-challenges","Video Interview Challenges & How to Overcome Them",=LEN(D14),"Discover the common challenges of video interviews in hiring, including technical issues, lack of personal interaction, and bias, and learn how to overcome them.",=LEN(F14),"video interview challenges","remote interview problems; video interview best practices","What Are the Challenges of Video Interviews and How Can You Overcome Them?","https://www.kapiree.com/assets/images/blog/video-interviews-challenges.webp","index, follow, max-image-preview:large, max-snippet:-1","BlogPosting (injected on open)","Yes","Yes","Implemented (client-side)","Description is 161 chars — trim to ≤160. Add author and dateModified; render server-side at its own URL."
"Blog: Trends","Blogs.dc.html#post/benefits-for-modern-hiring","https://www.kapiree.com/blogs/benefits-for-modern-hiring","The Rise of Video Interviews in Modern Hiring | Kapiree",=LEN(D15),"Discover the advantages and challenges of video interviews in modern recruitment processes. Learn how this trend is reshaping hiring practices.",=LEN(F15),"video interview challenges","remote interview problems; video interview best practices","The Rise of Video Interviews: Are They Beneficial for Modern Hiring?","https://www.kapiree.com/assets/images/blog/benefits-for-modern-hiring.webp","index, follow, max-image-preview:large, max-snippet:-1","BlogPosting (injected on open)","Yes","Yes","Implemented (client-side)","Add author and dateModified; render server-side at its own URL."
"Blog: Optimization","Blogs.dc.html#post/benefits-of-prescreening-hiring-process","https://www.kapiree.com/blogs/benefits-of-prescreening-hiring-process","Is Pre-Screening Key to a Faster Hiring Process?",=LEN(D16),"Discover how pre screening candidates can optimize your hiring process, saving valuable time and resources while enhancing candidate quality.",=LEN(F16),"optimize recruiting process","recruitment efficiency; reduce time to hire","Is Pre Screening the Key to Streamlining Your Hiring Process?","https://www.kapiree.com/assets/images/blog/benefits-of-prescreening.webp","index, follow, max-image-preview:large, max-snippet:-1","BlogPosting (injected on open)","Yes","Yes","Implemented (client-side)","Add author and dateModified; render server-side at its own URL."
"Blog: Interview Tips","Blogs.dc.html#post/top-10-interview-questions","https://www.kapiree.com/blogs/top-10-interview-questions","Top 10 Pre-Screening Interview Questions to Ask | Kapiree",=LEN(D17),"Discover the top 10 interview questions to ask candidates using your hiring app to streamline your recruitment process and find the best talent efficiently.",=LEN(F17),"pre-screening interview questions","screening questions for candidates; interview question examples","What Are the Top 10 Interview Questions to Ask Using Your Hiring App?","https://www.kapiree.com/assets/images/blog/top-10-interview-questions.webp","index, follow, max-image-preview:large, max-snippet:-1","BlogPosting (injected on open)","Yes","Yes","Implemented (client-side)","Add author and dateModified; render server-side at its own URL."
"Blog: Tips","Blogs.dc.html#post/5-tips-to-boost-candidate-engagement","https://www.kapiree.com/blogs/5-tips-to-boost-candidate-engagement","5 Ways to Boost Candidate Engagement | Kapiree",=LEN(D18),"Enhance your hiring strategy with these 5 effective ways to boost candidate engagement in the recruitment process. Learn how to attract, engage, and retain top talent effortlessly.",=LEN(F18),"candidate engagement","candidate experience; recruitment communication","5 Ways to Boost Candidate Engagement in the Recruitment Process","https://www.kapiree.com/assets/images/blog/candidate-engagement-2.webp","index, follow, max-image-preview:large, max-snippet:-1","BlogPosting (injected on open)","Yes","Yes","Implemented (client-side)","Description is 180 chars — trim to ≤160. Add author and dateModified; render server-side at its own URL."
"Blog: Effectiveness","Blogs.dc.html#post/effectiveness-of-video-pre-screening","https://www.kapiree.com/blogs/effectiveness-of-video-pre-screening","How Effective Is Video Pre-Screening? | Kapiree",=LEN(D19),"An efficient pre-screening process is crucial for identifying top talent. Video interview software has emerged as a powerful tool to streamline this stage, offering numerous benefits over traditional methods.",=LEN(F19),"benefits of pre-screening","video interview benefits; faster hiring","How Effective Are Video Interviews for Pre-Screening Candidates?","https://www.kapiree.com/assets/images/blog/effectiveness-of-prescreening.webp","index, follow, max-image-preview:large, max-snippet:-1","BlogPosting (injected on open)","Yes","Yes","Implemented (client-side)","Description is 208 chars — trim to ≤160. Add author and dateModified; render server-side at its own URL."
"Blog: Insights","Blogs.dc.html#post/effectiveness-of-video-interviews-in-hiring","https://www.kapiree.com/blogs/effectiveness-of-video-interviews-in-hiring","Are Video Interviews Effective in Modern Hiring?",=LEN(D20),"Video interviews streamline hiring but face challenges like technical issues and lack of personal touch. Overcoming these ensures effective candidate assessment.",=LEN(F20),"video interview challenges","remote interview problems; video interview best practices","Are Video Interviews Effective in Modern Hiring? Understanding the Challenges","https://www.kapiree.com/assets/images/blog/hurdles-of-video-interviews.webp","index, follow, max-image-preview:large, max-snippet:-1","BlogPosting (injected on open)","Yes","Yes","Implemented (client-side)","Description is 161 chars — trim to ≤160. Add author and dateModified; render server-side at its own URL."
"Blog: Challenges","Blogs.dc.html#post/challenges-in-organizational-hiring","https://www.kapiree.com/blogs/challenges-in-organizational-hiring","Organizational Hiring Challenges | Kapiree Blog",=LEN(D21),"Hiring challenges like talent shortage, budget constraints, and cultural fit issues can hinder organizational growth. Addressing these effectively ensures successful recruitment.",=LEN(F21),"video interview challenges","remote interview problems; video interview best practices","What Are Organizational Hiring Challenges?","https://www.kapiree.com/assets/images/blog/organizational-hiring-challenges.webp","index, follow, max-image-preview:large, max-snippet:-1","BlogPosting (injected on open)","Yes","Yes","Implemented (client-side)","Description is 178 chars — trim to ≤160. Add author and dateModified; render server-side at its own URL."
"Blog: Tips","Blogs.dc.html#post/5-tips-to-optimize-recruiting","https://www.kapiree.com/blogs/5-tips-to-optimize-recruiting","5 Tips to Optimize Your Recruiting Process | Kapiree",=LEN(D22),"Streamline your hiring with these 5 essential tips for optimizing your recruiting process. Enhance efficiency, attract top talent, and make smarter hiring decisions.",=LEN(F22),"optimize recruiting process","recruitment efficiency; reduce time to hire","5 Tips for Optimizing Your Recruiting Process","https://www.kapiree.com/assets/images/blog/optimize-recruiting.webp","index, follow, max-image-preview:large, max-snippet:-1","BlogPosting (injected on open)","Yes","Yes","Implemented (client-side)","Description is 165 chars — trim to ≤160. Add author and dateModified; render server-side at its own URL."
"Site-wide: robots.txt","seo/robots.txt","https://www.kapiree.com/robots.txt","","","","","","","","","Allows search + AI crawlers (GPTBot, ClaudeBot, PerplexityBot, Google-Extended, etc.); blocks /customer-stories","","","","Ready to upload","Upload to site root. Remove /customer-stories block when stories are real."
"Site-wide: sitemap.xml","seo/sitemap.xml","https://www.kapiree.com/sitemap.xml","","","","","","","","","","","","","Ready to upload","Upload to site root and submit in Google Search Console and Bing Webmaster Tools. Update lastmod when pages change."
"Site-wide: llms.txt","seo/llms.txt","https://www.kapiree.com/llms.txt","","","","","","","","","","","","","Ready to upload","Upload to site root. Update whenever pricing, modules or pages change."
"Site-wide: Organization","all pages","https://www.kapiree.com/","","","","","","","","","","Organization","","","Partially implemented","Upload logo to /assets/images/kapiree-logo.svg (or update URL). Add sameAs (LinkedIn, X, YouTube), address, founding date, phone."